id,cash_balance,currency,country,Internal exclusion requested,Internal exclusion will end,External exclusion received,Date
4000023570,146,GBP,GB,05/02/2025 17:24,05/02/2027 00:00,,05/02/2025 17:24
4000034990,138,GBP,GB,02/04/2025 07:23,02/10/2025 00:00,,02/04/2025 07:23
4000023150,137,GBP,GB,02/02/2025 22:06,04/08/2025 00:00,,02/02/2025 22:06
4000034040,133,GBP,GB,,,28/03/2025 20:00,28/03/2025 20:00
4000004310,132,GBP,GB,,,17/04/2025 19:00,17/04/2025 19:00
4000003800,127,GBP,GB,05/03/2025 17:01,04/03/2030 00:00,,05/03/2025 17:01
4000033410,127,GBP,GB,,,06/04/2025 09:48,06/04/2025 09:48
4000025710,119,GBP,GB,,,09/04/2025 19:00,09/04/2025 19:00
4000004010,118,GBP,GB,16/02/2025 11:41,18/08/2025 00:00,,16/02/2025 11:41
4000035480,117,GBP,GB,16/04/2025 12:04,15/04/2030 00:00,,16/04/2025 12:04
4000029260,115,GBP,GB,03/03/2025 17:55,02/09/2025 00:00,,03/03/2025 17:55
4000004030,114,GBP,GB,17/04/2025 11:44,16/04/2030 00:00,,17/04/2025 11:44
4000019750,109,GBP,GB,02/04/2025 18:29,02/10/2025 00:00,,02/04/2025 18:29
4000035580,106,GBP,GB,23/04/2025 22:51,22/04/2030 00:00,,23/04/2025 22:51
4000019430,105,GBP,GB,,,15/04/2025 11:47,15/04/2025 11:47
4000027140,105,GBP,GB,13/02/2025 00:40,15/08/2025 00:00,,13/02/2025 00:40
4000025510,101,GBP,GB,03/02/2025 11:41,05/08/2025 00:00,,03/02/2025 11:41
4000011160,99,GBP,GB,28/02/2025 14:48,27/02/2030 00:00,,28/02/2025 14:48
4000006860,98,GBP,GB,,,07/04/2025 06:00,07/04/2025 06:00
4000007880,94,GBP,GB,,,09/04/2025 19:00,09/04/2025 19:00
4000022520,90,GBP,GB,,,27/03/2025 19:00,27/03/2025 19:00
4000035670,89,GBP,GB,27/04/2025 17:13,27/04/2026 00:00,,27/04/2025 17:13
4000026490,80,GBP,GB,09/02/2025 00:08,08/02/2030 00:00,,09/02/2025 00:08
4000024400,78,GBP,GB,,,08/02/2025 02:00,08/02/2025 02:00
4000024990,75,GBP,GB,,,03/04/2025 13:00,03/04/2025 13:00
4000000720,74,GBP,GB,,,21/03/2025 19:00,21/03/2025 19:00
4000014820,73,GBP,GB,,,24/04/2025 01:00,24/04/2025 01:00
4000029170,72,GBP,GB,24/02/2025 11:19,23/02/2030 11:19,,24/02/2025 11:19
4000032330,72,GBP,GB,14/03/2025 22:34,13/03/2030 00:00,,14/03/2025 22:34
4000032380,70,GBP,GB,,,19/03/2025 15:00,19/03/2025 15:00
4000036170,70,GBP,GB,17/04/2025 20:44,17/10/2025 00:00,,17/04/2025 20:44
4000038870,67,GBP,GB,22/04/2025 08:58,21/04/2030 00:00,,22/04/2025 08:58
4000011040,64,GBP,GB,09/02/2025 08:42,11/08/2025 00:00,,09/02/2025 08:42
4000008540,60,GBP,GB,11/03/2025 10:06,10/03/2030 00:00,,11/03/2025 10:06
4000025120,55,GBP,GB,14/02/2025 02:22,13/02/2030 00:00,,14/02/2025 02:22
4000016590,40,GBP,GB,,,29/03/2025 19:00,29/03/2025 19:00
4000020400,36,GBP,GB,24/04/2025 19:01,23/04/2030 00:00,,24/04/2025 19:01
4000018380,28,GBP,GB,,,02/04/2025 08:00,02/04/2025 08:00
4000034560,28,GBP,GB,29/03/2025 19:29,28/03/2030 19:29,,29/03/2025 19:29
4000039460,27,GBP,GB,24/04/2025 00:00,23/04/2030 00:00,,24/04/2025 00:00
4000033290,18,GBP,GB,23/04/2025 16:24,22/04/2030 00:00,,23/04/2025 16:24
4000011650,11,GBP,GB,,,07/03/2025 21:00,07/03/2025 21:00
4000032640,10,GBP,GB,06/04/2025 10:42,05/04/2030 10:42,,06/04/2025 10:42
4000019600,9,GBP,GB,26/02/2025 19:02,28/08/2025 19:02,,26/02/2025 19:02
4000037210,9,GBP,GB,14/04/2025 01:10,13/04/2030 07:02,,14/04/2025 01:10
4000006800,8,GBP,GB,,,31/01/2025 19:00,31/01/2025 19:00
4000015620,8,GBP,GB,01/04/2025 23:26,31/03/2030 00:00,,01/04/2025 23:26
4000028870,8,GBP,GB,26/04/2025 13:47,25/04/2030 00:00,,26/04/2025 13:47
4000037010,8,GBP,GB,26/04/2025 20:18,25/04/2030 00:00,,26/04/2025 20:18
4000013100,7,GBP,GB,,,29/01/2025 17:30,29/01/2025 17:30
4000019300,7,GBP,GB,,,21/02/2025 17:00,21/02/2025 17:00
4000024110,7,GBP,GB,,,18/02/2025 18:00,18/02/2025 18:00
4000025420,6,GBP,GB,,,04/03/2025 18:00,04/03/2025 18:00
4000028810,6,GBP,GB,22/02/2025 07:17,21/02/2030 00:00,,22/02/2025 07:17
4000017660,5,GBP,GB,,,21/02/2025 01:00,21/02/2025 01:00
4000021560,5,GBP,GB,20/03/2025 22:39,19/03/2030 00:00,,20/03/2025 22:39
4000021840,5,GBP,GB,,,27/01/2025 17:00,27/01/2025 17:00
4000037930,5,GBP,GB,16/04/2025 20:35,16/10/2025 00:00,,16/04/2025 20:35
4000039380,5,GBP,GB,,,24/04/2025 16:00,24/04/2025 16:00
4000018550,4,GBP,GB,02/02/2025 00:28,01/02/2030 00:00,,02/02/2025 00:28
4000020250,4,GBP,GB,24/01/2025 13:17,23/01/2030 00:00,,24/01/2025 13:17
4000020920,4,GBP,GB,04/03/2025 15:41,03/03/2030 00:00,,04/03/2025 15:41
4000023930,4,GBP,GB,27/04/2025 18:23,26/04/2030 00:00,,27/04/2025 18:23
4000033220,4,GBP,GB,31/03/2025 11:36,30/03/2030 00:00,,31/03/2025 11:36
4000034710,4,GBP,GB,11/04/2025 22:45,10/04/2028 00:00,,11/04/2025 22:45
4000036430,4,GBP,GB,21/04/2025 09:01,20/04/2030 00:00,,21/04/2025 09:01
4000001500,3,GBP,GB,24/01/2025 19:15,26/07/2025 00:00,,24/01/2025 19:15
4000006730,3,GBP,GB,,,26/03/2025 21:00,26/03/2025 21:00
4000011740,3,GBP,GB,,,30/01/2025 09:00,30/01/2025 09:00
4000031330,3,GBP,GB,12/04/2025 09:32,12/10/2025 00:00,,12/04/2025 09:32
4000021820,2,GBP,GB,,,07/02/2025 13:00,07/02/2025 13:00
4000022170,2,GBP,GB,12/04/2025 06:51,11/04/2030 00:00,,12/04/2025 06:51
4000000810,1,GBP,GB,25/02/2025 12:09,27/08/2025 00:00,,25/02/2025 12:09
4000004041,149,GBP,GB,09/03/2025 19:56,08/09/2025 00:00,,09/03/2025 19:56
4000026801,148,GBP,GB,13/04/2025 23:34,12/04/2030 00:00,,13/04/2025 23:34
4000028971,143,GBP,GB,28/03/2025 15:23,27/03/2030 00:00,,28/03/2025 15:23
4000023211,139,GBP,GB,,,08/04/2025 09:00,08/04/2025 09:00
4000034821,138,GBP,GB,,,08/04/2025 15:00,08/04/2025 15:00
4000001441,123,GBP,GB,,,02/04/2025 13:34,02/04/2025 13:34
4000013761,120,GBP,GB,26/03/2025 20:42,25/09/2025 00:00,,26/03/2025 20:42
4000004261,117,GBP,GB,05/02/2025 06:31,07/08/2025 00:00,,05/02/2025 06:31
4000026531,116,GBP,GB,,,14/04/2025 06:00,14/04/2025 06:00
4000023631,114,GBP,GB,29/03/2025 00:46,28/09/2025 00:00,,29/03/2025 00:46
4000027591,113,GBP,GB,04/03/2025 22:36,03/03/2030 00:00,,04/03/2025 22:36
4000005251,112,GBP,GB,,,04/03/2025 16:00,04/03/2025 16:00
4000026641,111,GBP,GB,23/04/2025 00:50,23/04/2026 00:00,,23/04/2025 00:50
4000021311,107,GBP,GB,05/02/2025 01:13,04/02/2030 00:00,,05/02/2025 01:13
4000024411,107,GBP,GB,,,07/02/2025 07:00,07/02/2025 07:00
4000037611,104,GBP,GB,15/04/2025 15:06,14/04/2030 00:00,,15/04/2025 15:06
4000027101,99,GBP,GB,06/04/2025 20:56,06/04/2027 00:00,,06/04/2025 20:56
4000024371,98,GBP,GB,,,22/03/2025 20:00,22/03/2025 20:00
4000022301,96,GBP,GB,,,11/04/2025 01:00,11/04/2025 01:00
4000023801,96,GBP,GB,18/02/2025 22:15,17/02/2030 00:00,,18/02/2025 22:15
4000015011,91,GBP,GB,,,19/04/2025 05:00,19/04/2025 05:00
4000011861,90,GBP,GB,,,02/04/2025 16:00,02/04/2025 16:00
4000028751,89,GBP,GB,05/04/2025 21:46,04/04/2030 00:00,,05/04/2025 21:46
4000025021,88,GBP,GB,31/01/2025 17:19,30/01/2030 00:00,,31/01/2025 17:19
4000023291,81,GBP,GB,29/03/2025 23:08,28/09/2025 00:00,,29/03/2025 23:08
4000010421,78,GBP,GB,,,19/03/2025 18:00,19/03/2025 18:00
4000021621,78,GBP,GB,15/02/2025 16:06,14/02/2030 00:00,,15/02/2025 16:06
4000022611,76,GBP,GB,24/02/2025 22:30,23/02/2030 00:00,,24/02/2025 22:30
4000025071,75,GBP,GB,,,29/03/2025 08:00,29/03/2025 08:00
4000024941,74,GBP,GB,,,04/04/2025 01:00,04/04/2025 01:00
4000015461,73,GBP,GB,26/04/2025 10:04,25/04/2030 00:00,,26/04/2025 10:04
4000040451,72,GBP,GB,28/04/2025 22:45,28/04/2027 00:00,,28/04/2025 22:45
4000021441,71,GBP,GB,07/02/2025 11:37,09/08/2025 00:00,,07/02/2025 11:37
4000008901,59,GBP,GB,,,08/02/2025 12:00,08/02/2025 12:00
4000024151,58,GBP,GB,08/03/2025 17:31,07/09/2025 00:00,,08/03/2025 17:31
4000029871,58,GBP,GB,27/02/2025 20:09,26/02/2030 00:00,,27/02/2025 20:09
4000027961,56,GBP,GB,03/03/2025 11:24,02/03/2030 00:00,,03/03/2025 11:24
4000035641,50,GBP,GB,,,15/04/2025 06:00,15/04/2025 06:00
4000026741,45,GBP,GB,30/03/2025 07:22,29/03/2030 00:00,,30/03/2025 07:22
4000030451,28,GBP,GB,11/04/2025 21:59,10/04/2030 00:00,,11/04/2025 21:59
4000018501,23,GBP,GB,,,04/02/2025 23:00,04/02/2025 23:00
4000030121,14,GBP,GB,03/03/2025 03:02,02/03/2030 00:00,,03/03/2025 03:02
4000027511,13,GBP,GB,,,29/03/2025 12:00,29/03/2025 12:00
4000014241,12,GBP,GB,,,13/03/2025 00:00,13/03/2025 00:00
4000028511,12,GBP,GB,,,04/04/2025 20:00,04/04/2025 20:00
4000001101,11,GBP,GB,22/01/2025 08:03,22/01/2026 00:00,,22/01/2025 08:03
4000034211,10,GBP,GB,27/03/2025 20:18,26/03/2030 00:00,,27/03/2025 20:18
4000006161,9,GBP,GB,,,02/02/2025 21:00,02/02/2025 21:00
4000006451,9,GBP,GB,10/04/2025 15:47,10/10/2025 00:00,,10/04/2025 15:47
4000011361,9,GBP,GB,27/04/2025 08:58,26/04/2030 00:00,,27/04/2025 08:58
4000031351,9,GBP,GB,23/03/2025 15:44,23/03/2026 00:00,,23/03/2025 15:44
4000010001,8,GBP,GB,21/02/2025 02:44,20/02/2030 00:00,,21/02/2025 02:44
4000014871,8,GBP,GB,,,21/04/2025 21:00,21/04/2025 21:00
4000019271,8,GBP,GB,24/01/2025 20:11,23/01/2030 00:00,,24/01/2025 20:11
4000024121,8,GBP,GB,26/01/2025 14:06,25/01/2030 00:00,,26/01/2025 14:06
4000017851,7,GBP,GB,,,14/03/2025 20:00,14/03/2025 20:00
4000027411,7,GBP,GB,,,25/04/2025 09:59,25/04/2025 09:59
4000036531,7,GBP,GB,,,19/04/2025 11:00,19/04/2025 11:00
4000025861,5,GBP,GB,07/02/2025 00:02,06/02/2030 00:00,,07/02/2025 00:02
4000028071,5,GBP,GB,,,17/04/2025 19:00,17/04/2025 19:00
4000011431,4,GBP,GB,20/03/2025 19:23,19/03/2030 00:00,,20/03/2025 19:23
4000011491,4,GBP,GB,,,31/03/2025 01:00,31/03/2025 01:00
4000020651,4,GBP,GB,19/04/2025 02:47,19/10/2025 00:00,,19/04/2025 02:47
4000025081,4,GBP,GB,,,28/03/2025 21:00,28/03/2025 21:00
4000037751,4,GBP,GB,28/04/2025 05:27,27/04/2030 00:00,,28/04/2025 05:27
4000011231,3,GBP,GB,,,27/04/2025 08:00,27/04/2025 08:00
4000014041,3,GBP,GB,,,14/04/2025 05:00,14/04/2025 05:00
4000025721,3,GBP,GB,,,15/03/2025 20:00,15/03/2025 20:00
4000027391,3,GBP,GB,,,23/04/2025 21:00,23/04/2025 21:00
4000035781,3,GBP,GB,05/04/2025 23:38,04/04/2030 00:00,,05/04/2025 23:38
4000006911,2,GBP,GB,,,16/04/2025 09:00,16/04/2025 09:00
4000008191,2,GBP,GB,,,10/03/2025 07:00,10/03/2025 07:00
4000026551,1,GBP,GB,27/04/2025 13:22,27/10/2025 00:00,,27/04/2025 13:22
4000029331,1,GBP,GB,,,26/04/2025 10:27,26/04/2025 10:27
4000038111,1,GBP,GB,28/04/2025 21:37,27/04/2030 00:00,,28/04/2025 21:37
4000019992,150,GBP,GB,04/02/2025 18:43,03/02/2030 00:00,,04/02/2025 18:43
4000032132,145,GBP,GB,,,14/03/2025 18:00,14/03/2025 18:00
4000027872,141,GBP,GB,16/02/2025 22:50,15/02/2030 00:00,,16/02/2025 22:50
4000027262,136,GBP,GB,13/02/2025 22:55,12/02/2030 00:00,,13/02/2025 22:55
4000016892,131,GBP,GB,,,22/02/2025 05:00,22/02/2025 05:00
4000003982,128,GBP,GB,,,27/04/2025 11:00,27/04/2025 11:00
4000022242,120,GBP,GB,02/02/2025 15:55,04/08/2025 00:00,,02/02/2025 15:55
4000022632,119,GBP,GB,11/02/2025 00:39,10/02/2030 00:00,,11/02/2025 00:39
4000020932,118,GBP,GB,,,12/02/2025 15:00,12/02/2025 15:00
4000016562,110,GBP,GB,08/03/2025 16:07,08/03/2026 00:00,,08/03/2025 16:07
4000032152,103,GBP,GB,14/03/2025 06:58,13/03/2030 00:00,,14/03/2025 06:58
4000021532,102,GBP,GB,,,25/03/2025 13:00,25/03/2025 13:00
4000037482,94,GBP,GB,14/04/2025 19:58,13/04/2030 00:00,,14/04/2025 19:58
4000024922,89,GBP,GB,03/03/2025 18:34,02/09/2025 00:00,,03/03/2025 18:34
4000031352,89,GBP,GB,08/03/2025 22:02,07/03/2030 00:00,,08/03/2025 22:02
4000038052,88,GBP,GB,28/04/2025 20:34,27/04/2030 00:00,,28/04/2025 20:34
4000017092,85,GBP,GB,14/03/2025 16:16,13/09/2025 00:00,,14/03/2025 16:16
4000023952,78,GBP,GB,,,08/02/2025 16:00,08/02/2025 16:00
4000018042,76,GBP,GB,14/03/2025 00:14,13/03/2030 00:00,,14/03/2025 00:14
4000034872,75,GBP,GB,31/03/2025 22:10,30/09/2025 00:00,,31/03/2025 22:10
4000028892,68,GBP,GB,22/02/2025 20:34,22/02/2027 00:00,,22/02/2025 20:34
4000037622,68,GBP,GB,15/04/2025 16:28,14/04/2030 00:00,,15/04/2025 16:28
4000010932,63,GBP,GB,,,02/02/2025 19:00,02/02/2025 19:00
4000011492,63,GBP,GB,31/01/2025 00:36,31/01/2026 00:00,,31/01/2025 00:36
4000034812,62,GBP,GB,,,05/04/2025 08:49,05/04/2025 08:49
4000025442,57,GBP,GB,02/02/2025 22:13,01/02/2030 00:00,,02/02/2025 22:13
4000010282,56,GBP,GB,23/04/2025 21:17,23/10/2025 00:00,,23/04/2025 21:17
4000029532,56,GBP,GB,25/02/2025 23:09,24/02/2030 00:00,,25/02/2025 23:09
4000036032,56,GBP,GB,07/04/2025 09:09,06/04/2030 00:00,,07/04/2025 09:09
4000022212,50,GBP,GB,22/01/2025 15:38,24/07/2025 00:00,,22/01/2025 15:38
4000010462,49,GBP,GB,06/03/2025 15:04,06/03/2027 00:00,,06/03/2025 15:04
4000021252,30,GBP,GB,07/02/2025 08:04,06/02/2030 00:00,,07/02/2025 08:04
4000018372,19,GBP,GB,24/02/2025 15:43,23/02/2030 00:00,,24/02/2025 15:43
4000003842,16,GBP,GB,,,01/04/2025 13:00,01/04/2025 13:00
4000030892,16,GBP,GB,,,03/04/2025 06:00,03/04/2025 06:00
4000036352,16,GBP,GB,,,11/04/2025 05:00,11/04/2025 05:00
4000039892,16,GBP,GB,26/04/2025 01:52,26/04/2026 00:00,,26/04/2025 01:52
4000030142,15,GBP,GB,29/04/2025 02:16,28/04/2030 00:00,,29/04/2025 02:16
4000012532,11,GBP,GB,,,09/02/2025 17:00,09/02/2025 17:00
4000038862,10,GBP,GB,21/04/2025 04:31,20/04/2030 00:00,,21/04/2025 04:31
4000003142,9,GBP,GB,25/01/2025 23:10,27/07/2025 00:00,,25/01/2025 23:10
4000003182,9,GBP,GB,,,05/04/2025 01:00,05/04/2025 01:00
4000025172,9,GBP,GB,12/02/2025 14:41,11/02/2030 00:00,,12/02/2025 14:41
4000019362,7,GBP,GB,,,12/02/2025 15:00,12/02/2025 15:00
4000032872,7,GBP,GB,,,22/03/2025 22:00,22/03/2025 22:00
4000002532,6,GBP,GB,,,02/02/2025 18:00,02/02/2025 18:00
4000019942,6,GBP,GB,23/02/2025 12:07,22/02/2030 00:00,,23/02/2025 12:07
4000021162,6,GBP,GB,,,01/04/2025 23:00,01/04/2025 23:00
4000025412,6,GBP,GB,14/02/2025 19:03,13/02/2030 00:00,,14/02/2025 19:03
4000025592,6,GBP,GB,03/02/2025 22:57,02/02/2030 00:00,,03/02/2025 22:57
4000033912,6,GBP,GB,,,10/04/2025 21:00,10/04/2025 21:00
4000003872,5,GBP,GB,02/02/2025 05:30,02/02/2026 05:30,,02/02/2025 05:30
4000034832,5,GBP,GB,01/04/2025 17:19,01/10/2025 00:00,,01/04/2025 17:19
4000004052,4,GBP,GB,,,28/01/2025 14:00,28/01/2025 14:00
4000009152,4,GBP,GB,11/02/2025 19:46,13/08/2025 00:00,,11/02/2025 19:46
4000026852,4,GBP,GB,,,19/03/2025 11:00,19/03/2025 11:00
4000028822,4,GBP,GB,10/03/2025 09:50,09/03/2030 00:00,,10/03/2025 09:50
4000039122,3,GBP,GB,22/04/2025 17:01,21/04/2030 00:00,,22/04/2025 17:01
4000039462,3,GBP,GB,,,25/04/2025 15:00,25/04/2025 15:00
4000024982,2,GBP,GB,,,23/04/2025 05:00,23/04/2025 05:00
4000008962,1,GBP,GB,20/04/2025 14:59,19/04/2030 00:00,,20/04/2025 14:59
4000009992,1,GBP,GB,,,26/03/2025 21:00,26/03/2025 21:00
4000024432,1,GBP,GB,11/02/2025 13:18,13/08/2025 00:00,,11/02/2025 13:18
4000039952,1,GBP,GB,,,28/04/2025 14:00,28/04/2025 14:00
4000032223,149,GBP,GB,,,28/03/2025 18:00,28/03/2025 18:00
4000032553,148,GBP,GB,17/03/2025 12:19,16/03/2030 00:00,,17/03/2025 12:19
4000030293,146,GBP,GB,,,10/04/2025 16:00,10/04/2025 16:00
4000016013,142,GBP,GB,,,07/03/2025 01:00,07/03/2025 01:00
4000033393,142,GBP,GB,06/04/2025 17:18,06/10/2025 00:00,,06/04/2025 17:18
4000017383,138,GBP,GB,,,15/02/2025 08:00,15/02/2025 08:00
4000001723,137,GBP,GB,10/02/2025 07:07,10/02/2026 00:00,,10/02/2025 07:07
4000023613,122,GBP,GB,23/01/2025 22:42,22/01/2030 00:00,,23/01/2025 22:42
4000024823,119,GBP,GB,31/01/2025 16:05,30/01/2030 00:00,,31/01/2025 16:05
4000033283,113,GBP,GB,23/03/2025 08:24,22/09/2025 00:00,,23/03/2025 08:24
4000031073,111,GBP,GB,06/03/2025 23:24,05/03/2030 00:00,,06/03/2025 23:24
4000034223,111,GBP,GB,,,08/04/2025 15:00,08/04/2025 15:00
4000004273,110,GBP,GB,,,19/02/2025 21:12,19/02/2025 21:12
4000037703,110,GBP,GB,,,26/04/2025 20:00,26/04/2025 20:00
4000037933,103,GBP,GB,16/04/2025 20:32,16/10/2025 00:00,,16/04/2025 20:32
4000007553,102,GBP,GB,06/04/2025 17:08,06/04/2027 00:00,,06/04/2025 17:08
4000008963,98,GBP,GB,,,14/04/2025 12:38,14/04/2025 12:38
4000024193,90,GBP,GB,29/01/2025 21:10,29/01/2026 00:00,,29/01/2025 21:10
4000018153,86,GBP,GB,,,28/02/2025 15:00,28/02/2025 15:00
4000020433,86,GBP,GB,02/03/2025 11:26,01/03/2030 11:26,,02/03/2025 11:26
4000033113,85,GBP,GB,27/04/2025 09:23,26/04/2030 00:00,,27/04/2025 09:23
4000023073,83,GBP,GB,02/03/2025 18:37,01/03/2030 00:00,,02/03/2025 18:37
4000028543,77,GBP,GB,,,22/03/2025 22:00,22/03/2025 22:00
4000032313,76,GBP,GB,18/04/2025 12:19,17/04/2030 00:00,,18/04/2025 12:19
4000035213,75,GBP,GB,20/04/2025 12:42,19/04/2030 00:00,,20/04/2025 12:42
4000028193,72,GBP,GB,18/02/2025 21:41,20/08/2025 00:00,,18/02/2025 21:41
4000034943,72,GBP,GB,,,04/04/2025 16:00,04/04/2025 16:00
4000025813,70,GBP,GB,,,07/02/2025 11:00,07/02/2025 11:00
4000030753,68,GBP,GB,22/03/2025 20:45,21/03/2030 00:00,,22/03/2025 20:45
4000029273,61,GBP,GB,,,25/02/2025 18:00,25/02/2025 18:00
4000006163,55,GBP,GB,,,01/04/2025 06:00,01/04/2025 06:00
4000039493,55,GBP,GB,,,27/04/2025 16:00,27/04/2025 16:00
4000008993,50,GBP,GB,,,30/01/2025 11:00,30/01/2025 11:00
4000032283,46,GBP,GB,24/03/2025 06:09,23/03/2030 06:09,,24/03/2025 06:09
4000030143,42,GBP,GB,28/02/2025 22:56,30/08/2025 00:00,,28/02/2025 22:56
4000004853,39,GBP,GB,01/03/2025 21:03,31/08/2025 00:00,,01/03/2025 21:03
4000034703,26,GBP,GB,,,11/04/2025 19:00,11/04/2025 19:00
4000017573,20,GBP,GB,,,16/12/2024 00:00,16/12/2024 00:00
4000039503,20,GBP,GB,25/04/2025 10:25,24/04/2030 00:00,,25/04/2025 10:25
4000018443,17,GBP,GB,24/02/2025 21:03,26/08/2025 00:00,,24/02/2025 21:03
4000012483,16,GBP,GB,,,07/04/2025 06:00,07/04/2025 06:00
4000026953,14,GBP,GB,,,09/03/2025 23:00,09/03/2025 23:00
4000022133,12,GBP,GB,,,07/02/2025 12:00,07/02/2025 12:00
4000029773,12,GBP,GB,02/04/2025 05:54,02/10/2025 00:00,,02/04/2025 05:54
4000025703,10,GBP,GB,04/02/2025 18:45,03/02/2030 00:00,,04/02/2025 18:45
4000015633,9,GBP,GB,,,03/04/2025 15:00,03/04/2025 15:00
4000024933,9,GBP,GB,23/02/2025 01:38,25/08/2025 00:00,,23/02/2025 01:38
4000006133,8,GBP,GB,,,10/03/2025 17:00,10/03/2025 17:00
4000007163,8,GBP,GB,,,03/03/2025 23:00,03/03/2025 23:00
4000037793,8,GBP,GB,,,18/04/2025 10:00,18/04/2025 10:00
4000000993,7,GBP,GB,,,28/03/2025 08:00,28/03/2025 08:00
4000019513,7,GBP,GB,25/02/2025 22:51,27/08/2025 00:00,,25/02/2025 22:51
4000021783,7,GBP,GB,22/02/2025 11:13,22/02/2027 00:00,,22/02/2025 11:13
4000024203,7,GBP,GB,,,01/04/2025 21:00,01/04/2025 21:00
4000025713,7,GBP,GB,03/04/2025 20:10,02/04/2030 00:00,,03/04/2025 20:10
4000013413,6,GBP,GB,,,11/04/2025 19:00,11/04/2025 19:00
4000022393,6,GBP,GB,07/02/2025 00:19,07/02/2026 00:00,,07/02/2025 00:19
4000026303,6,GBP,GB,,,07/04/2025 15:00,07/04/2025 15:00
4000027113,6,GBP,GB,21/03/2025 14:08,20/09/2025 00:00,,21/03/2025 14:08
4000034183,6,GBP,GB,,,24/04/2025 19:00,24/04/2025 19:00
4000039693,6,GBP,GB,25/04/2025 07:39,24/04/2030 00:00,,25/04/2025 07:39
4000028183,5,GBP,GB,11/04/2025 01:19,10/04/2030 00:00,,11/04/2025 01:19
4000029923,5,GBP,GB,,,04/04/2025 15:00,04/04/2025 15:00
4000031493,5,GBP,GB,09/03/2025 09:18,08/03/2030 00:00,,09/03/2025 09:18
4000023553,4,GBP,GB,23/01/2025 17:31,25/07/2025 00:00,,23/01/2025 17:31
4000038293,4,GBP,GB,28/04/2025 22:23,27/04/2030 00:00,,28/04/2025 22:23
4000040213,4,GBP,GB,28/04/2025 10:02,27/04/2030 00:00,,28/04/2025 10:02
4000001023,3,GBP,GB,,,19/02/2025 17:00,19/02/2025 17:00
4000001183,3,GBP,GB,,,09/02/2025 03:00,09/02/2025 03:00
4000008553,3,GBP,GB,,,23/02/2025 00:00,23/02/2025 00:00
4000011703,3,GBP,GB,,,07/02/2025 15:00,07/02/2025 15:00
4000012653,3,GBP,GB,,,16/02/2025 00:00,16/02/2025 00:00
4000017613,3,GBP,GB,14/02/2025 09:05,16/08/2025 00:00,,14/02/2025 09:05
4000020213,2,GBP,GB,,,18/03/2025 13:00,18/03/2025 13:00
4000027203,2,GBP,GB,20/02/2025 21:28,20/02/2027 00:00,,20/02/2025 21:28
4000000263,1,GBP,GB,,,06/02/2025 17:00,06/02/2025 17:00
4000005923,1,GBP,GB,,,16/02/2025 15:00,16/02/2025 15:00
4000030803,1,GBP,GB,,,08/04/2025 11:00,08/04/2025 11:00
4000020224,150,GBP,GB,29/01/2025 20:25,28/01/2030 00:00,,29/01/2025 20:25
4000013954,147,GBP,GB,15/03/2025 08:50,15/03/2026 00:00,,15/03/2025 08:50
4000002774,142,GBP,GB,,,22/04/2025 07:00,22/04/2025 07:00
4000021984,141,GBP,GB,,,14/02/2025 17:00,14/02/2025 17:00
4000012164,131,GBP,GB,07/02/2025 20:30,07/02/2026 00:00,,07/02/2025 20:30
4000036294,129,GBP,GB,08/04/2025 21:54,07/04/2030 00:00,,08/04/2025 21:54
4000010634,124,GBP,GB,06/02/2025 17:02,05/02/2030 00:00,,06/02/2025 17:02
4000032334,119,GBP,GB,27/04/2025 19:08,26/04/2028 00:00,,27/04/2025 19:08
4000036934,119,GBP,GB,13/04/2025 09:21,12/04/2030 09:21,,13/04/2025 09:21
4000024464,116,GBP,GB,05/02/2025 17:46,05/02/2026 00:00,,05/02/2025 17:46
4000023544,112,GBP,GB,,,15/04/2025 13:00,15/04/2025 13:00
4000032274,109,GBP,GB,08/04/2025 20:37,08/04/2026 00:00,,08/04/2025 20:37
4000011064,107,GBP,GB,,,02/04/2025 19:00,02/04/2025 19:00
4000025684,107,GBP,GB,05/02/2025 08:45,04/02/2030 00:00,,05/02/2025 08:45
4000001814,98,GBP,GB,,,01/02/2025 05:00,01/02/2025 05:00
4000024284,96,GBP,GB,15/02/2025 14:08,17/08/2025 00:00,,15/02/2025 14:08
4000024794,96,GBP,GB,04/02/2025 18:58,03/02/2030 00:00,,04/02/2025 18:58
4000023594,95,GBP,GB,23/01/2025 21:51,22/01/2030 00:00,,23/01/2025 21:51
4000013164,93,GBP,GB,,,17/02/2025 19:00,17/02/2025 19:00
4000025354,92,GBP,GB,02/02/2025 13:53,01/02/2030 00:00,,02/02/2025 13:53
4000030304,92,GBP,GB,01/03/2025 22:24,28/02/2030 22:24,,01/03/2025 22:24
4000030264,91,GBP,GB,03/04/2025 13:29,03/04/2027 00:00,,03/04/2025 13:29
4000005544,89,GBP,GB,02/04/2025 19:15,01/04/2030 00:00,,02/04/2025 19:15
4000023094,89,GBP,GB,11/02/2025 13:23,11/02/2026 00:00,,11/02/2025 13:23
4000013944,87,GBP,GB,,,27/03/2025 20:00,27/03/2025 20:00
4000007844,86,GBP,GB,11/02/2025 11:22,13/08/2025 00:00,,11/02/2025 11:22
4000023464,83,GBP,GB,26/01/2025 23:45,26/01/2027 00:00,,26/01/2025 23:45
4000038444,83,GBP,GB,20/04/2025 20:22,19/04/2030 00:00,,20/04/2025 20:22
4000026464,82,GBP,GB,09/02/2025 14:43,08/02/2030 00:00,,09/02/2025 14:43
4000023184,75,GBP,GB,22/01/2025 22:31,21/01/2030 22:31,,22/01/2025 22:31
4000030704,70,GBP,GB,04/03/2025 14:15,03/03/2030 00:00,,04/03/2025 14:15
4000015314,69,GBP,GB,30/01/2025 06:06,01/08/2025 00:00,,30/01/2025 06:06
4000025004,69,GBP,GB,31/01/2025 13:34,30/01/2030 00:00,,31/01/2025 13:34
4000032764,64,GBP,GB,21/03/2025 14:42,20/03/2030 00:00,,21/03/2025 14:42
4000023614,63,GBP,GB,05/03/2025 16:16,04/09/2025 00:00,,05/03/2025 16:16
4000013504,60,GBP,GB,09/11/2024 23:43,08/11/2029 00:00,,09/11/2024 23:43
4000017134,59,GBP,GB,,,26/04/2025 01:00,26/04/2025 01:00
4000032834,59,GBP,GB,,,23/04/2025 02:00,23/04/2025 02:00
4000029964,58,GBP,GB,05/03/2025 00:59,04/09/2025 00:00,,05/03/2025 00:59
4000021664,56,GBP,GB,05/03/2025 17:56,04/03/2030 00:00,,05/03/2025 17:56
4000034754,49,GBP,GB,,,19/04/2025 06:00,19/04/2025 06:00
4000039094,32,GBP,GB,,,27/04/2025 17:00,27/04/2025 17:00
4000040394,23,GBP,GB,28/04/2025 20:53,27/04/2030 00:00,,28/04/2025 20:53
4000011824,18,GBP,GB,07/02/2025 08:24,06/02/2030 00:00,,07/02/2025 08:24
4000001884,17,GBP,GB,,,28/03/2025 22:00,28/03/2025 22:00
4000007344,17,GBP,GB,02/02/2025 23:33,04/08/2025 00:00,,02/02/2025 23:33
4000023844,17,GBP,GB,16/03/2025 21:06,16/03/2026 00:00,,16/03/2025 21:06
4000024324,17,GBP,GB,21/02/2025 04:53,23/08/2025 00:00,,21/02/2025 04:53
4000021414,15,GBP,GB,07/04/2025 07:09,07/04/2026 00:00,,07/04/2025 07:09
4000013914,12,GBP,GB,24/01/2025 07:57,23/01/2030 00:00,,24/01/2025 07:57
4000022924,12,GBP,GB,,,01/04/2025 14:00,01/04/2025 14:00
4000012934,11,GBP,GB,23/03/2025 14:02,22/03/2030 00:00,,23/03/2025 14:02
4000024474,10,GBP,GB,04/04/2025 12:32,04/04/2026 00:00,,04/04/2025 12:32
4000016774,9,GBP,GB,,,08/02/2025 21:00,08/02/2025 21:00
4000017454,9,GBP,GB,,,11/02/2025 00:00,11/02/2025 00:00
4000023134,9,GBP,GB,07/04/2025 19:42,07/10/2025 00:00,,07/04/2025 19:42
4000017644,8,GBP,GB,08/04/2025 10:22,08/04/2027 00:00,,08/04/2025 10:22
4000030604,8,GBP,GB,,,06/04/2025 15:00,06/04/2025 15:00
4000032714,8,GBP,GB,18/03/2025 12:29,17/09/2025 00:00,,18/03/2025 12:29
4000040364,7,GBP,GB,28/04/2025 15:40,27/04/2030 00:00,,28/04/2025 15:40
4000000774,6,GBP,GB,22/01/2025 14:49,21/01/2030 00:00,,22/01/2025 14:49
4000010474,6,GBP,GB,13/04/2025 02:54,13/10/2025 00:00,,13/04/2025 02:54
4000014674,6,GBP,GB,,,13/03/2025 19:00,13/03/2025 19:00
4000027574,6,GBP,GB,04/03/2025 00:54,03/03/2030 00:00,,04/03/2025 00:54
4000001964,5,GBP,GB,25/01/2025 17:14,27/07/2025 00:00,,25/01/2025 17:14
4000003324,5,GBP,GB,23/03/2025 23:36,22/09/2025 00:00,,23/03/2025 23:36
4000009624,5,GBP,GB,,,28/04/2025 14:00,28/04/2025 14:00
4000022714,5,GBP,GB,04/02/2025 10:37,04/02/2026 00:00,,04/02/2025 10:37
4000039634,5,GBP,GB,24/04/2025 21:32,23/04/2030 00:00,,24/04/2025 21:32
4000006674,4,GBP,GB,,,29/01/2025 11:00,29/01/2025 11:00
4000024034,4,GBP,GB,22/03/2025 23:31,21/03/2030 00:00,,22/03/2025 23:31
4000007244,3,GBP,GB,28/02/2025 10:31,27/02/2030 00:00,,28/02/2025 10:31
4000011564,3,GBP,GB,,,06/02/2025 07:00,06/02/2025 07:00
4000020484,3,EUR,GB,31/01/2025 09:19,02/08/2025 00:00,,31/01/2025 09:19
4000026804,3,GBP,GB,10/02/2025 23:20,09/02/2030 00:00,,10/02/2025 23:20
4000040224,3,GBP,GB,27/04/2025 19:17,26/04/2030 00:00,,27/04/2025 19:17
4000032454,2,GBP,GB,01/04/2025 06:24,31/03/2030 00:00,,01/04/2025 06:24
4000039964,2,GBP,GB,27/04/2025 00:36,26/04/2030 00:00,,27/04/2025 00:36
4000025884,1,GBP,GB,,,24/02/2025 06:00,24/02/2025 06:00
4000030904,1,GBP,GB,,,21/03/2025 17:00,21/03/2025 17:00
4000039984,1,GBP,GB,,,28/04/2025 15:00,28/04/2025 15:00
4000021255,143,GBP,GB,,,22/04/2025 05:00,22/04/2025 05:00
4000029135,142,GBP,GB,23/02/2025 23:37,22/02/2030 00:00,,23/02/2025 23:37
4000009895,138,GBP,GB,09/04/2025 12:49,29/01/2029 00:00,,09/04/2025 12:49
4000024095,131,GBP,GB,26/01/2025 10:14,28/07/2025 00:00,,26/01/2025 10:14
4000002735,130,GBP,GB,,,10/02/2025 20:00,10/02/2025 20:00
4000034865,110,GBP,GB,03/04/2025 16:18,03/04/2027 00:00,,03/04/2025 16:18
4000024715,106,GBP,GB,07/02/2025 12:47,06/02/2030 12:47,,07/02/2025 12:47
4000021605,102,GBP,GB,,,15/03/2025 00:39,15/03/2025 00:39
4000017545,101,GBP,GB,,,27/01/2025 21:00,27/01/2025 21:00
4000037955,101,GBP,GB,,,18/04/2025 03:00,18/04/2025 03:00
4000024265,95,GBP,GB,,,02/02/2025 09:00,02/02/2025 09:00
4000007865,86,GBP,GB,03/02/2025 22:46,02/02/2030 22:46,,03/02/2025 22:46
4000036565,80,GBP,GB,10/04/2025 14:33,10/10/2025 00:00,,10/04/2025 14:33
4000031085,76,GBP,GB,,,14/04/2025 17:00,14/04/2025 17:00
4000034155,72,GBP,GB,,,29/03/2025 02:16,29/03/2025 02:16
4000017985,68,GBP,GB,04/02/2025 11:20,06/08/2025 00:00,,04/02/2025 11:20
4000026085,68,GBP,GB,07/02/2025 02:13,07/02/2027 00:00,,07/02/2025 02:13
4000035375,68,GBP,GB,11/04/2025 00:26,10/04/2028 00:00,,11/04/2025 00:26
4000006425,63,GBP,GB,,,27/02/2025 14:00,27/02/2025 14:00
4000024975,60,GBP,GB,,,21/03/2025 19:00,21/03/2025 19:00
4000032025,60,GBP,GB,13/03/2025 13:12,12/09/2025 13:12,,13/03/2025 13:12
4000023975,58,GBP,GB,,,07/02/2025 18:00,07/02/2025 18:00
4000029325,54,GBP,GB,,,12/03/2025 19:00,12/03/2025 19:00
4000026015,52,GBP,GB,06/02/2025 19:54,08/08/2025 00:00,,06/02/2025 19:54
4000031755,50,GBP,GB,11/03/2025 10:58,10/03/2030 00:00,,11/03/2025 10:58
4000039945,30,GBP,GB,26/04/2025 12:03,26/04/2026 00:00,,26/04/2025 12:03
4000039015,26,GBP,GB,28/04/2025 05:52,27/04/2030 00:00,,28/04/2025 05:52
4000022695,23,GBP,GB,,,27/02/2025 23:00,27/02/2025 23:00
4000012575,22,GBP,GB,,,20/04/2025 22:00,20/04/2025 22:00
4000006615,20,GBP,GB,01/01/2025 16:23,31/12/2029 00:00,,01/01/2025 16:23
4000024245,19,GBP,GB,20/04/2025 11:57,20/10/2025 00:00,,20/04/2025 11:57
4000025785,18,GBP,GB,,,10/02/2025 01:00,10/02/2025 01:00
4000019425,17,GBP,GB,,,09/04/2025 23:00,09/04/2025 23:00
4000025005,17,GBP,GB,,,23/03/2025 08:00,23/03/2025 08:00
4000012815,16,GBP,GB,25/03/2025 00:45,24/03/2030 00:00,,25/03/2025 00:45
4000010425,15,GBP,GB,,,02/02/2025 21:00,02/02/2025 21:00
4000034835,15,GBP,GB,01/04/2025 02:02,18/02/2028 00:00,,01/04/2025 02:02
4000000785,13,GBP,GB,05/02/2025 13:53,07/08/2025 00:00,,05/02/2025 13:53
4000004255,10,GBP,GB,11/12/2024 23:06,12/06/2025 00:00,,11/12/2024 23:06
4000028965,10,GBP,GB,,,06/04/2025 21:00,06/04/2025 21:00
4000040295,10,GBP,GB,27/04/2025 23:58,26/04/2030 00:00,,27/04/2025 23:58
4000026435,9,GBP,GB,26/04/2025 10:52,26/10/2025 00:00,,26/04/2025 10:52
4000013355,8,GBP,GB,,,12/04/2025 01:00,12/04/2025 01:00
4000033125,8,GBP,GB,25/04/2025 08:33,24/04/2030 00:00,,25/04/2025 08:33
4000038385,8,GBP,GB,29/04/2025 03:56,29/04/2026 00:00,,29/04/2025 03:56
4000040015,8,GBP,GB,26/04/2025 21:13,25/04/2030 00:00,,26/04/2025 21:13
4000036095,7,GBP,GB,18/04/2025 19:19,17/04/2030 00:00,,18/04/2025 19:19
4000039615,7,GBP,GB,24/04/2025 21:40,23/04/2030 00:00,,24/04/2025 21:40
4000008905,6,GBP,GB,11/04/2025 12:40,11/04/2026 00:00,,11/04/2025 12:40
4000031265,6,GBP,GB,,,27/04/2025 21:00,27/04/2025 21:00
4000006585,5,GBP,GB,,,21/04/2025 09:46,21/04/2025 09:46
4000007645,5,GBP,GB,,,08/03/2025 01:00,08/03/2025 01:00
4000020245,5,GBP,GB,,,02/04/2025 00:00,02/04/2025 00:00
4000025955,5,GBP,GB,24/02/2025 19:29,23/02/2030 00:00,,24/02/2025 19:29
4000003945,4,GBP,GB,15/03/2025 17:32,14/09/2025 00:00,,15/03/2025 17:32
4000016265,4,GBP,GB,,,05/02/2025 13:00,05/02/2025 13:00
4000018745,4,GBP,GB,09/02/2025 23:53,08/02/2030 00:00,,09/02/2025 23:53
4000029155,4,GBP,GB,04/03/2025 22:21,03/03/2030 00:00,,04/03/2025 22:21
4000039825,4,GBP,GB,,,27/04/2025 08:00,27/04/2025 08:00
4000017285,3,GBP,GB,26/04/2025 23:27,25/04/2030 00:00,,26/04/2025 23:27
4000006285,2,GBP,GB,,,12/03/2025 01:00,12/03/2025 01:00
4000016985,2,GBP,GB,16/02/2025 03:00,15/02/2030 00:00,,16/02/2025 03:00
4000021975,2,GBP,GB,27/04/2025 00:25,26/04/2030 00:00,,27/04/2025 00:25
4000022435,2,GBP,GB,27/04/2025 19:37,27/04/2026 00:00,,27/04/2025 19:37
4000029725,2,GBP,GB,,,08/04/2025 09:00,08/04/2025 09:00
4000033265,2,GBP,GB,21/03/2025 20:50,20/03/2030 00:00,,21/03/2025 20:50
4000033725,2,GBP,GB,,,20/04/2025 13:00,20/04/2025 13:00
4000034175,2,GBP,GB,,,21/04/2025 21:00,21/04/2025 21:00
4000014075,1,GBP,GB,25/01/2025 10:34,24/01/2030 00:00,,25/01/2025 10:34
4000015905,1,GBP,GB,21/03/2025 07:46,20/03/2030 00:00,,21/03/2025 07:46
4000021635,1,GBP,GB,,,19/03/2025 13:20,19/03/2025 13:20
4000026146,136,GBP,GB,,,15/02/2025 12:00,15/02/2025 12:00
4000038606,134,GBP,GB,,,27/04/2025 17:00,27/04/2025 17:00
4000016526,130,GBP,GB,31/01/2025 21:57,31/01/2028 00:00,,31/01/2025 21:57
4000032666,130,GBP,GB,16/03/2025 22:46,15/03/2030 00:00,,16/03/2025 22:46
4000021226,122,GBP,GB,,,11/03/2025 08:00,11/03/2025 08:00
4000015366,120,GBP,GB,,,22/02/2025 20:00,22/02/2025 20:00
4000038556,120,GBP,GB,25/04/2025 14:26,24/04/2030 00:00,,25/04/2025 14:26
4000024596,118,GBP,GB,,,31/01/2025 01:33,31/01/2025 01:33
4000033606,116,GBP,GB,,,17/04/2025 12:00,17/04/2025 12:00
4000035856,114,GBP,GB,06/04/2025 14:31,05/04/2030 14:31,,06/04/2025 14:31
4000025426,111,GBP,GB,16/02/2025 11:01,18/08/2025 00:00,,16/02/2025 11:01
4000010866,110,GBP,GB,25/02/2025 07:17,27/08/2025 00:00,,25/02/2025 07:17
4000023806,109,GBP,GB,,,25/03/2025 22:00,25/03/2025 22:00
4000032436,107,GBP,GB,04/04/2025 15:33,03/04/2030 00:00,,04/04/2025 15:33
4000029456,105,GBP,GB,25/02/2025 21:34,24/02/2030 00:00,,25/02/2025 21:34
4000025346,101,GBP,GB,19/03/2025 19:05,18/03/2030 00:00,,19/03/2025 19:05
4000033176,100,GBP,GB,,,26/03/2025 21:00,26/03/2025 21:00
4000031916,93,GBP,GB,12/03/2025 01:19,11/03/2030 00:00,,12/03/2025 01:19
4000026606,92,GBP,GB,,,08/04/2025 19:00,08/04/2025 19:00
4000009996,90,GBP,GB,,,13/02/2025 20:00,13/02/2025 20:00
4000025236,89,GBP,GB,,,06/03/2025 05:00,06/03/2025 05:00
4000029186,89,GBP,GB,,,22/04/2025 05:00,22/04/2025 05:00
4000018016,87,GBP,GB,07/03/2025 12:24,06/03/2030 00:00,,07/03/2025 12:24
4000027936,86,GBP,GB,,,15/04/2025 19:00,15/04/2025 19:00
4000018066,79,GBP,GB,,,06/04/2025 11:00,06/04/2025 11:00
4000023136,71,GBP,GB,,,29/03/2025 20:00,29/03/2025 20:00
4000032146,70,GBP,GB,,,24/03/2025 22:00,24/03/2025 22:00
4000034226,70,GBP,GB,27/03/2025 22:23,26/03/2030 00:00,,27/03/2025 22:23
4000009806,68,GBP,GB,,,16/03/2025 19:00,16/03/2025 19:00
4000030006,68,GBP,GB,28/02/2025 12:22,27/02/2030 00:00,,28/02/2025 12:22
4000024046,67,GBP,GB,,,26/02/2025 01:00,26/02/2025 01:00
4000012286,66,GBP,GB,14/04/2025 08:18,13/04/2030 00:00,,14/04/2025 08:18
4000010036,65,GBP,GB,,,27/02/2025 17:00,27/02/2025 17:00
4000026126,58,GBP,GB,,,14/04/2025 12:00,14/04/2025 12:00
4000017716,53,GBP,GB,,,31/03/2025 22:00,31/03/2025 22:00
4000028136,49,GBP,GB,,,07/04/2025 00:00,07/04/2025 00:00
4000039646,33,GBP,GB,26/04/2025 07:41,25/04/2030 00:00,,26/04/2025 07:41
4000014496,32,GBP,GB,23/04/2025 16:49,22/04/2030 00:00,,23/04/2025 16:49
4000033436,27,GBP,GB,,,06/04/2025 18:00,06/04/2025 18:00
4000011176,25,GBP,GB,,,02/04/2025 00:00,02/04/2025 00:00
4000036646,23,GBP,GB,20/04/2025 21:52,19/04/2030 00:00,,20/04/2025 21:52
4000011446,19,GBP,GB,,,08/03/2025 13:00,08/03/2025 13:00
4000021836,16,GBP,GB,23/02/2025 18:15,22/02/2030 00:00,,23/02/2025 18:15
4000026166,16,GBP,GB,14/02/2025 19:22,13/02/2030 19:22,,14/02/2025 19:22
4000032596,16,GBP,GB,01/04/2025 07:08,31/03/2030 00:00,,01/04/2025 07:08
4000013006,10,GBP,GB,,,19/02/2025 21:00,19/02/2025 21:00
4000029536,10,GBP,GB,,,07/04/2025 23:00,07/04/2025 23:00
4000031156,10,GBP,GB,07/03/2025 11:43,06/03/2030 00:00,,07/03/2025 11:43
4000018726,9,GBP,GB,,,09/02/2025 21:00,09/02/2025 21:00
4000033376,9,GBP,GB,,,12/04/2025 13:00,12/04/2025 13:00
4000035326,9,GBP,GB,04/04/2025 18:22,03/04/2030 00:00,,04/04/2025 18:22
4000009236,8,GBP,GB,16/02/2025 19:46,15/02/2030 00:00,,16/02/2025 19:46
4000022096,7,GBP,GB,,,11/04/2025 12:00,11/04/2025 12:00
4000001086,6,GBP,GB,09/04/2025 09:45,09/04/2026 00:00,,09/04/2025 09:45
4000001956,6,GBP,GB,,,12/04/2025 05:00,12/04/2025 05:00
4000013876,6,GBP,GB,08/03/2025 00:57,07/09/2025 00:00,,08/03/2025 00:57
4000023536,6,GBP,GB,23/01/2025 14:49,22/01/2030 00:00,,23/01/2025 14:49
4000023706,6,GBP,GB,24/01/2025 12:09,26/07/2025 00:00,,24/01/2025 12:09
4000024356,6,GBP,GB,,,02/04/2025 11:00,02/04/2025 11:00
4000029446,6,GBP,GB,07/03/2025 13:34,06/03/2030 00:00,,07/03/2025 13:34
4000031286,6,GBP,GB,30/03/2025 11:45,29/03/2030 00:00,,30/03/2025 11:45
4000024646,5,GBP,GB,,,10/02/2025 11:00,10/02/2025 11:00
4000018706,4,GBP,GB,26/04/2025 16:57,26/10/2025 00:00,,26/04/2025 16:57
4000023956,4,GBP,GB,03/04/2025 21:13,02/04/2030 00:00,,03/04/2025 21:13
4000032716,4,GBP,GB,17/03/2025 20:57,17/03/2027 00:00,,17/03/2025 20:57
4000024096,3,GBP,GB,15/02/2025 00:37,14/02/2030 00:00,,15/02/2025 00:37
4000026186,3,GBP,GB,,,20/03/2025 22:00,20/03/2025 22:00
4000030406,3,GBP,GB,,,18/04/2025 06:00,18/04/2025 06:00
4000024336,2,GBP,GB,,,28/02/2025 16:00,28/02/2025 16:00
4000027636,2,GBP,GB,15/02/2025 21:49,14/02/2030 00:00,,15/02/2025 21:49
4000039336,2,GBP,GB,,,28/04/2025 15:00,28/04/2025 15:00
4000019436,1,GBP,GB,,,22/03/2025 20:00,22/03/2025 20:00
4000021416,1,GBP,GB,,,29/01/2025 22:00,29/01/2025 22:00
4000032656,1,GBP,GB,27/04/2025 08:42,26/04/2030 00:00,,27/04/2025 08:42
4000016077,149,GBP,GB,21/02/2025 16:46,21/02/2026 00:00,,21/02/2025 16:46
4000028427,145,GBP,GB,09/04/2025 07:02,09/04/2026 00:00,,09/04/2025 07:02
4000009487,141,GBP,GB,,,22/04/2025 22:00,22/04/2025 22:00
4000019237,140,GBP,GB,,,01/03/2025 21:36,01/03/2025 21:36
4000023177,138,GBP,GB,,,31/03/2025 01:00,31/03/2025 01:00
4000032907,136,GBP,GB,21/03/2025 00:14,20/09/2025 00:00,,21/03/2025 00:14
4000016707,135,GBP,GB,23/03/2025 03:28,22/03/2030 00:00,,23/03/2025 03:28
4000013967,134,GBP,GB,27/01/2025 21:16,29/07/2025 00:00,,27/01/2025 21:16
4000018617,132,GBP,GB,,,06/04/2025 05:00,06/04/2025 05:00
4000019367,129,GBP,GB,,,06/03/2025 17:00,06/03/2025 17:00
4000037057,110,GBP,GB,12/04/2025 22:26,11/04/2030 00:00,,12/04/2025 22:26
4000024427,109,GBP,GB,,,31/01/2025 14:00,31/01/2025 14:00
4000030717,108,GBP,GB,04/03/2025 01:44,03/09/2025 00:00,,04/03/2025 01:44
4000012837,106,GBP,GB,31/01/2025 21:52,30/01/2030 00:00,,31/01/2025 21:52
4000030067,104,GBP,GB,,,16/04/2025 18:00,16/04/2025 18:00
4000029637,103,GBP,GB,01/03/2025 15:52,29/02/2028 00:00,,01/03/2025 15:52
4000020457,102,GBP,GB,,,06/04/2025 00:00,06/04/2025 00:00
4000005857,101,GBP,GB,,,06/04/2025 20:00,06/04/2025 20:00
4000026777,99,GBP,GB,01/03/2025 19:25,28/02/2030 00:00,,01/03/2025 19:25
4000005987,97,GBP,GB,,,27/01/2025 23:00,27/01/2025 23:00
4000036417,94,GBP,GB,09/04/2025 20:33,09/10/2025 00:00,,09/04/2025 20:33
4000035137,90,GBP,GB,,,25/04/2025 12:00,25/04/2025 12:00
4000034527,87,GBP,GB,31/03/2025 17:44,30/09/2025 00:00,,31/03/2025 17:44
4000003397,86,GBP,GB,,,06/04/2025 18:00,06/04/2025 18:00
4000031167,86,GBP,GB,,,18/03/2025 19:00,18/03/2025 19:00
4000026287,84,GBP,GB,,,08/04/2025 22:00,08/04/2025 22:00
4000026557,83,GBP,GB,15/02/2025 22:01,14/02/2030 00:00,,15/02/2025 22:01
4000033847,83,GBP,GB,,,06/04/2025 13:00,06/04/2025 13:00
4000038577,81,GBP,GB,23/04/2025 16:09,22/04/2030 00:00,,23/04/2025 16:09
4000027687,80,GBP,GB,16/02/2025 12:53,15/02/2030 12:53,,16/02/2025 12:53
4000007577,78,GBP,GB,26/04/2025 00:12,25/04/2030 00:00,,26/04/2025 00:12
4000031467,78,GBP,GB,16/03/2025 15:57,15/03/2030 15:57,,16/03/2025 15:57
4000029497,74,GBP,GB,,,19/03/2025 20:00,19/03/2025 20:00
4000024307,72,GBP,GB,,,13/02/2025 12:00,13/02/2025 12:00
4000031997,72,GBP,GB,,,16/04/2025 17:00,16/04/2025 17:00
4000034187,70,GBP,GB,27/03/2025 19:00,26/09/2025 00:00,,27/03/2025 19:00
4000001007,69,GBP,GB,13/02/2025 02:29,12/02/2030 00:00,,13/02/2025 02:29
4000033417,69,GBP,GB,22/03/2025 11:23,21/03/2030 00:00,,22/03/2025 11:23
4000027037,66,GBP,GB,,,13/02/2025 14:00,13/02/2025 14:00
4000022037,65,GBP,GB,20/01/2025 21:48,19/01/2030 00:00,,20/01/2025 21:48
4000018227,62,GBP,GB,,,18/04/2025 11:00,18/04/2025 11:00
4000022687,62,GBP,GB,20/01/2025 10:07,19/01/2030 00:00,,20/01/2025 10:07
4000033787,60,GBP,GB,05/04/2025 11:52,04/04/2030 00:00,,05/04/2025 11:52
4000009647,57,GBP,GB,,,20/02/2025 17:00,20/02/2025 17:00
4000026317,50,GBP,GB,,,12/02/2025 23:00,12/02/2025 23:00
4000039647,35,GBP,GB,24/04/2025 22:52,23/04/2030 00:00,,24/04/2025 22:52
4000006627,29,GBP,GB,26/01/2025 12:07,25/01/2030 00:00,,26/01/2025 12:07
4000035327,21,GBP,GB,,,20/04/2025 19:00,20/04/2025 19:00
4000005417,19,GBP,GB,,,10/02/2025 20:00,10/02/2025 20:00
4000022237,16,GBP,GB,,,13/02/2025 17:00,13/02/2025 17:00
4000002497,14,GBP,GB,,,05/04/2025 03:00,05/04/2025 03:00
4000028457,12,GBP,GB,21/02/2025 21:20,23/08/2025 00:00,,21/02/2025 21:20
4000003557,10,GBP,GB,,,19/01/2025 21:00,19/01/2025 21:00
4000008127,9,GBP,GB,18/02/2025 10:01,18/02/2026 00:00,,18/02/2025 10:01
4000013757,9,GBP,GB,26/04/2025 23:14,25/04/2030 00:00,,26/04/2025 23:14
4000029337,9,GBP,GB,26/02/2025 03:24,25/02/2030 00:00,,26/02/2025 03:24
4000031697,9,GBP,GB,,,22/04/2025 18:00,22/04/2025 18:00
4000010617,8,GBP,GB,,,06/03/2025 10:00,06/03/2025 10:00
4000019907,8,GBP,GB,,,01/02/2025 10:00,01/02/2025 10:00
4000027847,8,GBP,GB,,,10/04/2025 17:00,10/04/2025 17:00
4000038597,8,GBP,GB,27/04/2025 16:30,26/04/2030 00:00,,27/04/2025 16:30
4000039597,8,GBP,GB,25/04/2025 05:45,24/04/2030 00:00,,25/04/2025 05:45
4000004237,7,GBP,GB,,,03/02/2025 09:00,03/02/2025 09:00
4000010907,7,GBP,GB,,,25/02/2025 01:00,25/02/2025 01:00
4000027377,7,GBP,GB,05/03/2025 11:16,04/03/2030 00:00,,05/03/2025 11:16
4000037267,7,GBP,GB,,,22/04/2025 19:00,22/04/2025 19:00
4000004467,6,GBP,GB,,,06/02/2025 18:00,06/02/2025 18:00
4000011847,6,GBP,GB,,,24/02/2025 17:00,24/02/2025 17:00
4000027537,5,GBP,GB,26/04/2025 08:34,26/10/2025 00:00,,26/04/2025 08:34
4000012737,4,GBP,GB,,,12/02/2025 21:00,12/02/2025 21:00
4000014567,4,GBP,GB,28/03/2025 19:08,27/09/2025 00:00,,28/03/2025 19:08
4000021347,4,GBP,GB,23/02/2025 15:12,23/02/2026 00:00,,23/02/2025 15:12
4000024297,4,GBP,GB,27/01/2025 16:46,29/07/2025 00:00,,27/01/2025 16:46
4000038127,4,GBP,GB,29/04/2025 00:19,29/04/2026 00:00,,29/04/2025 00:19
4000014157,3,GBP,GB,,,22/03/2025 08:00,22/03/2025 08:00
4000016407,3,GBP,GB,,,26/02/2025 23:00,26/02/2025 23:00
4000019637,3,GBP,GB,,,07/04/2025 12:33,07/04/2025 12:33
4000010517,2,GBP,GB,,,15/02/2025 21:00,15/02/2025 21:00
4000011477,2,GBP,GB,11/02/2025 19:30,13/08/2025 00:00,,11/02/2025 19:30
4000013787,2,GBP,GB,28/03/2025 15:02,27/03/2030 00:00,,28/03/2025 15:02
4000017327,2,GBP,GB,,,28/03/2025 03:00,28/03/2025 03:00
4000026167,2,GBP,GB,14/03/2025 17:53,14/03/2026 00:00,,14/03/2025 17:53
4000030117,2,GBP,GB,23/03/2025 07:07,22/03/2030 00:00,,23/03/2025 07:07
4000032557,2,GBP,GB,06/04/2025 08:25,06/10/2025 00:00,,06/04/2025 08:25
4000033237,2,GBP,GB,05/04/2025 22:19,04/04/2030 00:00,,05/04/2025 22:19
4000006017,1,GBP,GB,,,31/01/2025 00:00,31/01/2025 00:00
4000015527,1,GBP,GB,18/02/2025 08:25,20/08/2025 00:00,,18/02/2025 08:25
4000028887,1,GBP,GB,,,21/04/2025 20:00,21/04/2025 20:00
4000030698,144,GBP,GB,,,02/04/2025 14:00,02/04/2025 14:00
4000025338,142,GBP,GB,03/02/2025 11:51,02/02/2030 00:00,,03/02/2025 11:51
4000020868,139,GBP,GB,,,17/02/2025 02:00,17/02/2025 02:00
4000030898,136,GBP,GB,,,21/04/2025 09:00,21/04/2025 09:00
4000038048,136,GBP,GB,17/04/2025 09:00,17/04/2026 00:00,,17/04/2025 09:00
4000013318,132,GBP,GB,21/02/2025 03:35,23/08/2025 00:00,,21/02/2025 03:35
4000028528,128,GBP,GB,,,02/04/2025 21:00,02/04/2025 21:00
4000003308,115,GBP,GB,08/02/2025 01:15,07/02/2030 00:00,,08/02/2025 01:15
4000024068,113,GBP,GB,26/01/2025 09:31,25/01/2030 00:00,,26/01/2025 09:31
4000028898,113,GBP,GB,04/03/2025 13:38,03/03/2030 13:38,,04/03/2025 13:38
4000033838,112,GBP,GB,25/03/2025 13:00,24/03/2030 00:00,,25/03/2025 13:00
4000030388,111,GBP,GB,,,07/03/2025 01:00,07/03/2025 01:00
4000037588,111,GBP,GB,,,26/04/2025 10:00,26/04/2025 10:00
4000024908,106,GBP,GB,31/01/2025 08:59,30/01/2030 00:00,,31/01/2025 08:59
4000024558,102,GBP,GB,29/01/2025 15:00,29/01/2026 00:00,,29/01/2025 15:00
4000026298,100,GBP,GB,08/02/2025 00:28,08/02/2026 00:00,,08/02/2025 00:28
4000026048,98,GBP,GB,13/02/2025 05:16,12/02/2030 00:00,,13/02/2025 05:16
4000026368,97,GBP,GB,15/03/2025 13:50,14/09/2025 00:00,,15/03/2025 13:50
4000014928,95,GBP,GB,,,19/04/2025 21:00,19/04/2025 21:00
4000035748,92,GBP,GB,06/04/2025 07:52,06/10/2025 00:00,,06/04/2025 07:52
4000034148,90,GBP,GB,28/03/2025 18:21,27/03/2030 00:00,,28/03/2025 18:21
4000016858,87,GBP,GB,,,26/03/2025 23:00,26/03/2025 23:00
4000025098,86,GBP,GB,04/03/2025 14:21,03/09/2025 00:00,,04/03/2025 14:21
4000035428,86,GBP,GB,06/04/2025 15:53,06/04/2026 00:00,,06/04/2025 15:53
4000037598,86,GBP,GB,,,16/04/2025 11:00,16/04/2025 11:00
4000024788,83,GBP,GB,,,01/03/2025 09:00,01/03/2025 09:00
4000034128,80,GBP,GB,,,15/04/2025 07:00,15/04/2025 07:00
4000019128,79,GBP,GB,,,24/04/2025 05:00,24/04/2025 05:00
4000014548,78,GBP,GB,04/03/2025 14:39,03/03/2030 00:00,,04/03/2025 14:39
4000022688,76,GBP,GB,17/03/2025 10:11,16/09/2025 00:00,,17/03/2025 10:11
4000030368,66,GBP,GB,14/03/2025 10:53,13/03/2030 00:00,,14/03/2025 10:53
4000027698,63,GBP,GB,,,11/03/2025 13:00,11/03/2025 13:00
4000018378,60,GBP,GB,16/02/2025 05:52,15/02/2030 00:00,,16/02/2025 05:52
4000031988,58,GBP,GB,23/03/2025 07:57,22/03/2030 00:00,,23/03/2025 07:57
4000015898,55,GBP,GB,24/04/2025 04:38,17/04/2030 04:38,,24/04/2025 04:38
4000038588,53,GBP,GB,19/04/2025 15:44,18/04/2030 00:00,,19/04/2025 15:44
4000013268,50,GBP,GB,13/11/2024 06:14,15/05/2025 00:00,,13/11/2024 06:14
4000010168,43,GBP,GB,,,02/03/2025 00:00,02/03/2025 00:00
4000033138,39,GBP,GB,,,23/03/2025 16:00,23/03/2025 16:00
4000003368,22,GBP,GB,,,02/02/2025 06:00,02/02/2025 06:00
4000014458,19,GBP,GB,,,25/03/2025 17:00,25/03/2025 17:00
4000019398,19,GBP,GB,,,18/02/2025 20:00,18/02/2025 20:00
4000032708,18,GBP,GB,,,11/04/2025 23:00,11/04/2025 23:00
4000036318,18,GBP,GB,18/04/2025 22:29,17/04/2030 00:00,,18/04/2025 22:29
4000001178,16,GBP,GB,10/02/2025 16:00,09/02/2030 00:00,,10/02/2025 16:00
4000030458,14,GBP,GB,05/03/2025 21:59,04/03/2030 00:00,,05/03/2025 21:59
4000030848,13,GBP,GB,12/04/2025 20:02,12/10/2025 00:00,,12/04/2025 20:02
4000038538,13,GBP,GB,,,26/04/2025 18:00,26/04/2025 18:00
4000009258,11,GBP,GB,,,07/03/2025 05:00,07/03/2025 05:00
4000015988,11,GBP,GB,26/01/2025 11:31,25/01/2030 00:00,,26/01/2025 11:31
4000013828,10,GBP,GB,21/04/2025 17:02,20/04/2030 00:00,,21/04/2025 17:02
4000019208,10,GBP,GB,01/04/2025 13:45,31/03/2030 00:00,,01/04/2025 13:45
4000014868,8,GBP,GB,21/01/2025 11:49,20/01/2030 00:00,,21/01/2025 11:49
4000006878,5,GBP,GB,,,03/02/2025 21:00,03/02/2025 21:00
4000022118,5,GBP,GB,14/03/2025 18:04,13/03/2030 00:00,,14/03/2025 18:04
4000030208,5,GBP,GB,,,02/04/2025 20:14,02/04/2025 20:14
4000035758,4,GBP,GB,18/04/2025 17:07,18/10/2025 00:00,,18/04/2025 17:07
4000004358,3,GBP,GB,,,02/04/2025 18:09,02/04/2025 18:09
4000019058,3,GBP,GB,,,21/03/2025 01:00,21/03/2025 01:00
4000026718,3,GBP,GB,,,27/03/2025 09:00,27/03/2025 09:00
4000030358,3,GBP,GB,01/03/2025 23:39,28/02/2030 00:00,,01/03/2025 23:39
4000011278,2,GBP,GB,,,01/02/2025 18:00,01/02/2025 18:00
4000013068,2,GBP,GB,16/03/2025 19:34,15/03/2030 00:00,,16/03/2025 19:34
4000017328,2,GBP,GB,,,04/02/2025 23:00,04/02/2025 23:00
4000018288,2,GBP,GB,04/04/2025 06:36,04/10/2025 00:00,,04/04/2025 06:36
4000018488,2,GBP,GB,,,07/02/2025 18:00,07/02/2025 18:00
4000033108,2,GBP,GB,20/03/2025 10:33,19/09/2025 00:00,,20/03/2025 10:33
4000039768,2,GBP,GB,27/04/2025 19:23,27/10/2025 00:00,,27/04/2025 19:23
4000023598,1,GBP,GB,,,21/04/2025 00:00,21/04/2025 00:00
4000040158,1,GBP,GB,27/04/2025 13:31,26/04/2030 00:00,,27/04/2025 13:31
4000023989,132,GBP,GB,,,26/01/2025 19:00,26/01/2025 19:00
4000035459,130,GBP,GB,,,14/04/2025 14:00,14/04/2025 14:00
4000035269,125,GBP,GB,03/04/2025 12:32,02/04/2030 00:00,,03/04/2025 12:32
4000031199,120,GBP,GB,14/03/2025 06:03,13/09/2025 00:00,,14/03/2025 06:03
4000032829,120,GBP,GB,18/03/2025 05:03,17/03/2030 05:03,,18/03/2025 05:03
4000031429,119,GBP,GB,06/04/2025 17:56,05/04/2030 00:00,,06/04/2025 17:56
4000021859,117,GBP,GB,22/01/2025 08:07,21/01/2030 00:00,,22/01/2025 08:07
4000026639,112,GBP,GB,10/02/2025 03:00,12/08/2025 00:00,,10/02/2025 03:00
4000034219,111,GBP,GB,28/03/2025 06:52,27/03/2030 00:00,,28/03/2025 06:52
4000023189,110,GBP,GB,,,29/01/2025 01:00,29/01/2025 01:00
4000025069,110,GBP,GB,31/01/2025 22:05,02/08/2025 00:00,,31/01/2025 22:05
4000033799,110,GBP,GB,,,26/04/2025 18:00,26/04/2025 18:00
4000007059,106,GBP,GB,31/03/2025 13:10,30/09/2025 00:00,,31/03/2025 13:10
4000013049,103,GBP,GB,03/03/2025 10:02,03/03/2026 00:00,,03/03/2025 10:02
4000038539,101,GBP,GB,20/04/2025 06:48,19/04/2030 00:00,,20/04/2025 06:48
4000020199,92,GBP,GB,,,02/03/2025 21:00,02/03/2025 21:00
4000018369,89,GBP,GB,,,08/02/2025 11:00,08/02/2025 11:00
4000023169,88,GBP,GB,,,24/01/2025 23:00,24/01/2025 23:00
4000000569,84,GBP,GB,24/02/2025 11:37,26/08/2025 00:00,,24/02/2025 11:37
4000025379,79,GBP,GB,03/02/2025 12:20,03/02/2026 12:20,,03/02/2025 12:20
4000005129,70,GBP,GB,,,21/02/2025 18:00,21/02/2025 18:00
4000021049,70,GBP,GB,,,29/01/2025 06:00,29/01/2025 06:00
4000032899,70,GBP,GB,23/03/2025 19:47,22/09/2025 00:00,,23/03/2025 19:47
4000024929,65,GBP,GB,31/01/2025 01:18,02/08/2025 00:00,,31/01/2025 01:18
4000032709,64,GBP,GB,18/03/2025 18:25,17/03/2030 00:00,,18/03/2025 18:25
4000004369,63,GBP,GB,,,09/03/2025 09:00,09/03/2025 09:00
4000001249,60,GBP,GB,,,23/04/2025 12:00,23/04/2025 12:00
4000006139,58,GBP,GB,,,12/04/2025 21:00,12/04/2025 21:00
4000033939,57,GBP,GB,17/04/2025 21:43,17/10/2025 00:00,,17/04/2025 21:43
4000037139,56,GBP,GB,,,18/04/2025 23:46,18/04/2025 23:46
4000037899,53,GBP,GB,,,17/04/2025 18:00,17/04/2025 18:00
4000023969,32,GBP,GB,,,05/02/2025 22:18,05/02/2025 22:18
4000031499,19,GBP,GB,,,17/03/2025 10:00,17/03/2025 10:00
4000011829,16,GBP,GB,19/03/2025 19:58,18/09/2025 00:00,,19/03/2025 19:58
4000022599,16,GBP,GB,09/03/2025 10:37,08/03/2030 10:37,,09/03/2025 10:37
4000024769,16,GBP,GB,23/03/2025 14:33,22/03/2030 00:00,,23/03/2025 14:33
4000006149,15,GBP,GB,25/04/2025 16:10,25/10/2025 00:00,,25/04/2025 16:10
4000027049,15,GBP,GB,12/02/2025 16:17,11/02/2030 00:00,,12/02/2025 16:17
4000029109,15,GBP,GB,,,24/02/2025 17:00,24/02/2025 17:00
4000015359,14,GBP,GB,18/04/2025 18:05,17/04/2030 00:00,,18/04/2025 18:05
4000015709,13,GBP,GB,26/04/2025 15:23,26/04/2026 00:00,,26/04/2025 15:23
4000025179,13,GBP,GB,31/03/2025 16:42,30/03/2030 00:00,,31/03/2025 16:42
4000017949,10,GBP,GB,26/04/2025 17:53,25/04/2030 00:00,,26/04/2025 17:53
4000010619,9,GBP,GB,,,30/01/2025 10:00,30/01/2025 10:00
4000015159,9,GBP,GB,25/03/2025 09:44,24/09/2025 00:00,,25/03/2025 09:44
4000022939,9,GBP,GB,20/02/2025 16:05,19/02/2030 00:00,,20/02/2025 16:05
4000029089,9,GBP,GB,29/03/2025 07:29,28/03/2030 00:00,,29/03/2025 07:29
4000037299,9,GBP,GB,16/04/2025 14:32,15/04/2030 00:00,,16/04/2025 14:32
4000035129,8,GBP,GB,,,04/04/2025 17:00,04/04/2025 17:00
4000000949,7,GBP,GB,06/04/2025 16:38,05/04/2030 00:00,,06/04/2025 16:38
4000022079,7,GBP,GB,13/04/2025 21:50,12/04/2030 00:00,,13/04/2025 21:50
4000024519,7,GBP,GB,19/03/2025 18:00,18/03/2030 00:00,,19/03/2025 18:00
4000025899,7,GBP,GB,16/02/2025 19:41,18/08/2025 00:00,,16/02/2025 19:41
4000032769,7,GBP,GB,,,21/03/2025 19:00,21/03/2025 19:00
4000000119,6,GBP,GB,02/03/2025 16:30,01/03/2030 00:00,,02/03/2025 16:30
4000017879,5,GBP,GB,,,21/04/2025 13:00,21/04/2025 13:00
4000035819,5,GBP,GB,26/04/2025 02:22,25/04/2030 00:00,,26/04/2025 02:22
4000039279,5,GBP,GB,23/04/2025 02:45,23/04/2027 00:00,,23/04/2025 02:45
4000004789,4,GBP,GB,,,13/02/2025 17:00,13/02/2025 17:00
4000010229,4,GBP,GB,09/03/2025 13:44,08/09/2025 00:00,,09/03/2025 13:44
4000032029,4,GBP,GB,16/03/2025 18:47,15/03/2030 00:00,,16/03/2025 18:47
4000024209,2,GBP,GB,26/01/2025 22:42,28/07/2025 00:00,,26/01/2025 22:42
4000019199,1,GBP,GB,26/04/2025 09:20,25/04/2030 00:00,,26/04/2025 09:20
4000032329,1,GBP,GB,28/04/2025 16:18,28/10/2025 00:00,,28/04/2025 16:18
